stock_code,company_name,月別,當月股價_開盤,當月股價_收盤,當月股價_最高,當月股價_最低,當月股價_漲跌_元,當月股價_漲跌_pct,營業收入_營收_億,營業收入_月增_pct,營業收入_年增_pct,營業收入_累計_億,營業收入_累計年增_pct,合併營業收入_營收_億,合併營業收入_月增_pct,合併營業收入_年增_pct,合併營業收入_累計_億,合併營業收入_累計年增_pct,file_type,source_file,download_success,download_timestamp,process_timestamp,stage1_process_timestamp
4749,新應材,2024/11,,,,,,,3,,,3,,3,,,3,,ShowSaleMonChart,FinMind_API_TaiwanStockMonthRevenue_4749,True,2026-09-29T21:15:18,2026-09-29T21:15:18,2026-09-29T21:15:18
4749,新應材,2024/12,,,,,,,3,2.66,,6,,3,2.66,,6,,ShowSaleMonChart,FinMind_API_TaiwanStockMonthRevenue_4749,True,2026-09-29T21:15:18,2026-09-29T21:15:18,2026-09-29T21:15:18
4749,新應材,2025/01,,,,,,,3,-2.74,,3,,3,-2.74,,3,,ShowSaleMonChart,FinMind_API_TaiwanStockMonthRevenue_4749,True,2026-09-29T21:15:18,2026-09-29T21:15:18,2026-09-29T21:15:18
4749,新應材,2025/02,,,,,,,3,0.32,,6,,3,0.32,,6,,ShowSaleMonChart,FinMind_API_TaiwanStockMonthRevenue_4749,True,2026-09-29T21:15:18,2026-09-29T21:15:18,2026-09-29T21:15:18
4749,新應材,2025/03,,,,,,,3,2.96,,10,,3,2.96,,10,,ShowSaleMonChart,FinMind_API_TaiwanStockMonthRevenue_4749,True,2026-09-29T21:15:18,2026-09-29T21:15:18,2026-09-29T21:15:18
4749,新應材,2025/04,,,,,,,4,23.34,,14,,4,23.34,,14,,ShowSaleMonChart,FinMind_API_TaiwanStockMonthRevenue_4749,True,2026-09-29T21:15:18,2026-09-29T21:15:18,2026-09-29T21:15:18
4749,新應材,2025/05,,,,,,,4,-4.24,,17,,4,-4.24,,17,,ShowSaleMonChart,FinMind_API_TaiwanStockMonthRevenue_4749,True,2026-09-29T21:15:18,2026-09-29T21:15:18,2026-09-29T21:15:18
4749,新應材,2025/06,,,,,,,4,-5.38,,21,,4,-5.38,,21,,ShowSaleMonChart,FinMind_API_TaiwanStockMonthRevenue_4749,True,2026-09-29T21:15:18,2026-09-29T21:15:18,2026-09-29T21:15:18
4749,新應材,2025/07,,,,,,,3,-7.14,,25,,3,-7.14,,25,,ShowSaleMonChart,FinMind_API_TaiwanStockMonthRevenue_4749,True,2026-09-29T21:15:18,2026-09-29T21:15:18,2026-09-29T21:15:18
4749,新應材,2025/08,,,,,,,3,0.87,,28,,3,0.87,,28,,ShowSaleMonChart,FinMind_API_TaiwanStockMonthRevenue_4749,True,2026-09-29T21:15:18,2026-09-29T21:15:18,2026-09-29T21:15:18
4749,新應材,2025/09,,,,,,,4,12.75,,32,,4,12.75,,32,,ShowSaleMonChart,FinMind_API_TaiwanStockMonthRevenue_4749,True,2026-09-29T21:15:18,2026-09-29T21:15:18,2026-09-29T21:15:18
4749,新應材,2025/10,,,,,,,4,-6.99,,35,,4,-6.99,,35,,ShowSaleMonChart,FinMind_API_TaiwanStockMonthRevenue_4749,True,2026-09-29T21:15:18,2026-09-29T21:15:18,2026-09-29T21:15:18
4749,新應材,2025/11,,,,,,,4,2.02,15.49,39,1132.73,4,2.02,15.49,39,1132.73,ShowSaleMonChart,FinMind_API_TaiwanStockMonthRevenue_4749,True,2026-09-29T21:15:18,2026-09-29T21:15:18,2026-09-29T21:15:18
4749,新應材,2025/12,,,,,,,4,-1.35,10.98,43,564.5,4,-1.35,10.98,43,564.5,ShowSaleMonChart,FinMind_API_TaiwanStockMonthRevenue_4749,True,2026-09-29T21:15:18,2026-09-29T21:15:18,2026-09-29T21:15:18
4749,新應材,2026/01,,,,,,,4,1.78,16.13,4,16.13,4,1.78,16.13,4,16.13,ShowSaleMonChart,FinMind_API_TaiwanStockMonthRevenue_4749,True,2026-09-29T21:15:18,2026-09-29T21:15:18,2026-09-29T21:15:18
4749,新應材,2026/02,,,,,,,4,21.47,40.63,8,28.4,4,21.47,40.63,8,28.4,ShowSaleMonChart,FinMind_API_TaiwanStockMonthRevenue_4749,True,2026-09-29T21:15:18,2026-09-29T21:15:18,2026-09-29T21:15:18
4749,新應材,2026/03,,,,,,,4,-2.87,32.67,12,29.85,4,-2.87,32.67,12,29.85,ShowSaleMonChart,FinMind_API_TaiwanStockMonthRevenue_4749,True,2026-09-29T21:15:18,2026-09-29T21:15:18,2026-09-29T21:15:18
4749,新應材,2026/04,,,,,,,4,-18.55,-12.39,16,17.37,4,-18.55,-12.39,16,17.37,ShowSaleMonChart,FinMind_API_TaiwanStockMonthRevenue_4749,True,2026-09-29T21:15:18,2026-09-29T21:15:18,2026-09-29T21:15:18
4749,新應材,2026/05,,,,,,,4,20.69,10.42,20,15.83,4,20.69,10.42,20,15.83,ShowSaleMonChart,FinMind_API_TaiwanStockMonthRevenue_4749,True,2026-09-29T21:15:18,2026-09-29T21:15:18,2026-09-29T21:15:18
4749,新應材,2026/06,,,,,,,5,6.79,24.61,25,17.35,5,6.79,24.61,25,17.35,ShowSaleMonChart,FinMind_API_TaiwanStockMonthRevenue_4749,True,2026-09-29T21:15:18,2026-09-29T21:15:18,2026-09-29T21:15:18
4749,新應材,2026/07,,,,,,,4,-8.69,22.53,29,18.07,4,-8.69,22.53,29,18.07,ShowSaleMonChart,FinMind_API_TaiwanStockMonthRevenue_4749,True,2026-09-29T21:15:18,2026-09-29T21:15:18,2026-09-29T21:15:18
4749,新應材,2026/08,,,,,,,5,16.86,41.95,34,20.99,5,16.86,41.95,34,20.99,ShowSaleMonChart,FinMind_API_TaiwanStockMonthRevenue_4749,True,2026-09-29T21:15:18,2026-09-29T21:15:18,2026-09-29T21:15:18
