filename,last_update_time,success,process_time,retry_count,status,error_reason
raw_stock_his_quar_2308.csv,,false,2026-10-06 23:05:59 CST,0,retryable_failed,
raw_stock_his_quar_2317.csv,,false,2026-10-06 23:05:59 CST,0,retryable_failed,
raw_stock_his_quar_2324.csv,,false,2026-10-06 23:05:59 CST,0,retryable_failed,
raw_stock_his_quar_2330.csv,,false,2026-10-06 23:05:59 CST,0,retryable_failed,
raw_stock_his_quar_2347.csv,,false,2026-10-06 23:05:59 CST,0,retryable_failed,
raw_stock_his_quar_2354.csv,,false,2026-10-06 23:05:59 CST,0,retryable_failed,
raw_stock_his_quar_2356.csv,,false,2026-10-06 23:05:59 CST,0,retryable_failed,
raw_stock_his_quar_2357.csv,,false,2026-10-06 23:05:59 CST,0,retryable_failed,
raw_stock_his_quar_2376.csv,,false,2026-10-06 23:05:59 CST,0,retryable_failed,
raw_stock_his_quar_2377.csv,,false,2026-10-06 23:05:59 CST,0,retryable_failed,
raw_stock_his_quar_2379.csv,,false,2026-10-06 23:05:59 CST,0,retryable_failed,
raw_stock_his_quar_2382.csv,,false,2026-10-06 23:05:59 CST,0,retryable_failed,
raw_stock_his_quar_2395.csv,,false,2026-10-06 23:05:59 CST,0,retryable_failed,
raw_stock_his_quar_2405.csv,,false,2026-10-06 23:05:59 CST,0,retryable_failed,
raw_stock_his_quar_2412.csv,,false,2026-10-06 23:05:59 CST,0,retryable_failed,
raw_stock_his_quar_2451.csv,,false,2026-10-06 23:05:59 CST,0,retryable_failed,
raw_stock_his_quar_2454.csv,,false,2026-10-06 23:05:59 CST,0,retryable_failed,
raw_stock_his_quar_2458.csv,,false,2026-10-06 23:05:59 CST,0,retryable_failed,
raw_stock_his_quar_2474.csv,,false,2026-10-06 23:05:59 CST,0,retryable_failed,
raw_stock_his_quar_2480.csv,,false,2026-10-06 23:05:59 CST,0,retryable_failed,
raw_stock_his_quar_3022.csv,,false,2026-10-06 23:05:59 CST,0,retryable_failed,
raw_stock_his_quar_3026.csv,,false,2026-10-06 23:05:59 CST,0,retryable_failed,
raw_stock_his_quar_3034.csv,,false,2026-10-06 23:05:59 CST,0,retryable_failed,
raw_stock_his_quar_3045.csv,,false,2026-10-06 23:05:59 CST,0,retryable_failed,
raw_stock_his_quar_3048.csv,,false,2026-10-06 23:05:59 CST,0,retryable_failed,
raw_stock_his_quar_3231.csv,,false,2026-10-06 23:05:59 CST,0,retryable_failed,
raw_stock_his_quar_3356.csv,,false,2026-10-06 23:05:59 CST,0,retryable_failed,
raw_stock_his_quar_4938.csv,,false,2026-10-06 23:05:59 CST,0,retryable_failed,
raw_stock_his_quar_5203.csv,,false,2026-10-06 23:05:59 CST,0,retryable_failed,
raw_stock_his_quar_6214.csv,,false,2026-10-06 23:05:59 CST,0,retryable_failed,
raw_stock_his_quar_6285.csv,,false,2026-10-06 23:05:59 CST,0,retryable_failed,
raw_stock_his_quar_6462.csv,,false,2026-10-06 23:05:59 CST,0,retryable_failed,
raw_stock_his_quar_9914.csv,,false,2026-10-06 23:05:59 CST,0,retryable_failed,
raw_stock_his_quar_9921.csv,,false,2026-10-06 23:05:59 CST,0,retryable_failed,
raw_stock_his_quar_8272.csv,,false,2026-10-06 23:05:59 CST,0,retryable_failed,
raw_stock_his_quar_8299.csv,,false,2026-10-06 23:05:59 CST,0,retryable_failed,
raw_stock_his_quar_5434.csv,,false,2026-10-06 23:05:59 CST,0,retryable_failed,
raw_stock_his_quar_6526.csv,,false,2026-10-06 23:05:59 CST,0,retryable_failed,
raw_stock_his_quar_2301.csv,,false,2026-10-06 23:05:59 CST,0,retryable_failed,
raw_stock_his_quar_3035.csv,,false,2026-10-06 23:05:59 CST,0,retryable_failed,
raw_stock_his_quar_5269.csv,,false,2026-10-06 23:05:59 CST,0,retryable_failed,
raw_stock_his_quar_6669.csv,,false,2026-10-06 23:05:59 CST,0,retryable_failed,
raw_stock_his_quar_6695.csv,,false,2026-10-06 23:05:59 CST,0,retryable_failed,
raw_stock_his_quar_6561.csv,,false,2026-10-06 23:05:59 CST,0,retryable_failed,
raw_stock_his_quar_7765.csv,,false,2026-10-06 23:05:59 CST,0,retryable_failed,
raw_stock_his_quar_3150.csv,,false,2026-10-06 23:05:59 CST,0,retryable_failed,
raw_stock_his_quar_2646.csv,,false,2026-10-06 23:05:59 CST,0,retryable_failed,
raw_stock_his_quar_4953.csv,,false,2026-10-06 23:05:59 CST,0,retryable_failed,
raw_stock_his_quar_6231.csv,,false,2026-10-06 23:05:59 CST,0,retryable_failed,
raw_stock_his_quar_9917.csv,,false,2026-10-06 23:05:59 CST,0,retryable_failed,
raw_stock_his_quar_3558.csv,,false,2026-10-06 23:05:59 CST,0,retryable_failed,
raw_stock_his_quar_2450.csv,,false,2026-10-06 23:05:59 CST,0,retryable_failed,
raw_stock_his_quar_2303.csv,,false,2026-10-06 23:05:59 CST,0,retryable_failed,
raw_stock_his_quar_7708.csv,,false,2026-10-06 23:05:59 CST,0,retryable_failed,
raw_stock_his_quar_6613.csv,,false,2026-10-06 23:05:59 CST,0,retryable_failed,
raw_stock_his_quar_7703.csv,,false,2026-10-06 23:05:59 CST,0,retryable_failed,
raw_stock_his_quar_2353.csv,,false,2026-10-06 23:05:59 CST,0,retryable_failed,
raw_stock_his_quar_3158.csv,,false,2026-10-06 23:05:59 CST,0,retryable_failed,
raw_stock_his_quar_6035.csv,,false,2026-10-06 23:05:59 CST,0,retryable_failed,
raw_stock_his_quar_7722.csv,,false,2026-10-06 23:05:59 CST,0,retryable_failed,
raw_stock_his_quar_5904.csv,,false,2026-10-06 23:05:59 CST,0,retryable_failed,
raw_stock_his_quar_6182.csv,,false,2026-10-06 23:05:59 CST,0,retryable_failed,
raw_stock_his_quar_6962.csv,,false,2026-10-06 23:05:59 CST,0,retryable_failed,
raw_stock_his_quar_7705.csv,,false,2026-10-06 23:05:59 CST,0,retryable_failed,
raw_stock_his_quar_3014.csv,,false,2026-10-06 23:05:59 CST,0,retryable_failed,
raw_stock_his_quar_6720.csv,,false,2026-10-06 23:05:59 CST,0,retryable_failed,
raw_stock_his_quar_6757.csv,,false,2026-10-06 23:05:59 CST,0,retryable_failed,
raw_stock_his_quar_7794.csv,,false,2026-10-06 23:05:59 CST,0,retryable_failed,
raw_stock_his_quar_6996.csv,,false,2026-10-06 23:05:59 CST,0,retryable_failed,
raw_stock_his_quar_8016.csv,,false,2026-10-06 23:05:59 CST,0,retryable_failed,
raw_stock_his_quar_8045.csv,,false,2026-10-06 23:05:59 CST,0,retryable_failed,
raw_stock_his_quar_7704.csv,,false,2026-10-06 23:05:59 CST,0,retryable_failed,
raw_stock_his_quar_6997.csv,,false,2026-10-06 23:05:59 CST,0,retryable_failed,
raw_stock_his_quar_4749.csv,,false,2026-10-06 23:05:59 CST,0,retryable_failed,
raw_stock_his_quar_7747.csv,,false,2026-10-06 23:05:59 CST,0,retryable_failed,
raw_stock_his_quar_6123.csv,,false,2026-10-06 23:05:59 CST,0,retryable_failed,
raw_stock_his_quar_6425.csv,,false,2026-10-06 23:05:59 CST,0,retryable_failed,
raw_stock_his_quar_7712.csv,,false,2026-10-06 23:05:59 CST,0,retryable_failed,
raw_stock_his_quar_6811.csv,,false,2026-10-06 23:05:59 CST,0,retryable_failed,
raw_stock_his_quar_3029.csv,,false,2026-10-06 23:05:59 CST,0,retryable_failed,
raw_stock_his_quar_6690.csv,,false,2026-10-06 23:05:59 CST,0,retryable_failed,
raw_stock_his_quar_6763.csv,,false,2026-10-06 23:05:59 CST,0,retryable_failed,
raw_stock_his_quar_6751.csv,,false,2026-10-06 23:05:59 CST,0,retryable_failed,
raw_stock_his_quar_6442.csv,,false,2026-10-06 23:05:59 CST,0,retryable_failed,
raw_stock_his_quar_8454.csv,,false,2026-10-06 23:05:59 CST,0,retryable_failed,
raw_stock_his_quar_2332.csv,,false,2026-10-06 23:05:59 CST,0,retryable_failed,
raw_stock_his_quar_7805.csv,,false,2026-10-06 23:05:59 CST,0,retryable_failed,
raw_stock_his_quar_5536.csv,,false,2026-10-06 23:05:59 CST,0,retryable_failed,
raw_stock_his_quar_6125.csv,,false,2026-10-06 23:05:59 CST,0,retryable_failed,
raw_stock_his_quar_2359.csv,,false,2026-10-06 23:05:59 CST,0,retryable_failed,
raw_stock_his_quar_6506.csv,,false,2026-10-06 23:05:59 CST,0,retryable_failed,
raw_stock_his_quar_3293.csv,,false,2026-10-06 23:05:59 CST,0,retryable_failed,
raw_stock_his_quar_5274.csv,,false,2026-10-06 23:05:59 CST,0,retryable_failed,
raw_stock_his_quar_2603.csv,,false,2026-10-06 23:05:59 CST,0,retryable_failed,
raw_stock_his_quar_7547.csv,,false,2026-10-06 23:05:59 CST,0,retryable_failed,
raw_stock_his_quar_7734.csv,,false,2026-10-06 23:05:59 CST,0,retryable_failed,
raw_stock_his_quar_7736.csv,,false,2026-10-06 23:05:59 CST,0,retryable_failed,
raw_stock_his_quar_7728.csv,,false,2026-10-06 23:05:59 CST,0,retryable_failed,
raw_stock_his_quar_7732.csv,,false,2026-10-06 23:05:59 CST,0,retryable_failed,
raw_stock_his_quar_7769.csv,,false,2026-10-06 23:05:59 CST,0,retryable_failed,
raw_stock_his_quar_2383.csv,,false,2026-10-06 23:05:59 CST,0,retryable_failed,
raw_stock_his_quar_7709.csv,,false,2026-10-06 23:05:59 CST,0,retryable_failed,
raw_stock_his_quar_7713.csv,,false,2026-10-06 23:05:59 CST,0,retryable_failed,
raw_stock_his_quar_3260.csv,,false,2026-10-06 23:05:59 CST,0,retryable_failed,
raw_stock_his_quar_4114.csv,,false,2026-10-06 23:05:59 CST,0,retryable_failed,
raw_stock_his_quar_3467.csv,,false,2026-10-06 23:05:59 CST,0,retryable_failed,
raw_stock_his_quar_7737.csv,,false,2026-10-06 23:05:59 CST,0,retryable_failed,
raw_stock_his_quar_6597.csv,,false,2026-10-06 23:05:59 CST,0,retryable_failed,
raw_stock_his_quar_6850.csv,,false,2026-10-06 23:05:59 CST,0,retryable_failed,
raw_stock_his_quar_6902.csv,,false,2026-10-06 23:05:59 CST,0,retryable_failed,
raw_stock_his_quar_6918.csv,,false,2026-10-06 23:05:59 CST,0,retryable_failed,
raw_stock_his_quar_6925.csv,,false,2026-10-06 23:05:59 CST,0,retryable_failed,
raw_stock_his_quar_7749.csv,,false,2026-10-06 23:05:59 CST,0,retryable_failed,
raw_stock_his_quar_2449.csv,,false,2026-10-06 23:05:59 CST,0,retryable_failed,
raw_stock_his_quar_2345.csv,,false,2026-10-06 23:05:59 CST,0,retryable_failed,
raw_stock_his_quar_6510.csv,,false,2026-10-06 23:05:59 CST,0,retryable_failed,
raw_stock_his_quar_3661.csv,,false,2026-10-06 23:05:59 CST,0,retryable_failed,
raw_stock_his_quar_2881.csv,,false,2026-10-06 23:05:59 CST,0,retryable_failed,
raw_stock_his_quar_2882.csv,,false,2026-10-06 23:05:59 CST,0,retryable_failed,
raw_stock_his_quar_2891.csv,,false,2026-10-06 23:05:59 CST,0,retryable_failed,
raw_stock_his_quar_2884.csv,,false,2026-10-06 23:05:59 CST,0,retryable_failed,
raw_stock_his_quar_3711.csv,,false,2026-10-06 23:05:59 CST,0,retryable_failed,
raw_stock_his_quar_2408.csv,,false,2026-10-06 23:05:59 CST,0,retryable_failed,
raw_stock_his_quar_2360.csv,,false,2026-10-06 23:05:59 CST,0,retryable_failed,
raw_stock_his_quar_3653.csv,,false,2026-10-06 23:05:59 CST,0,retryable_failed,
raw_stock_his_quar_3665.csv,,false,2026-10-06 23:05:59 CST,0,retryable_failed,
raw_stock_his_quar_2344.csv,,false,2026-10-06 23:05:59 CST,0,retryable_failed,
raw_stock_his_quar_2337.csv,,false,2026-10-06 23:05:59 CST,0,retryable_failed,
raw_stock_his_quar_3443.csv,,false,2026-10-06 23:05:59 CST,0,retryable_failed,
raw_stock_his_quar_0050.csv,,false,2026-10-06 23:05:59 CST,0,retryable_failed,
raw_stock_his_quar_0052.csv,,false,2026-10-06 23:05:59 CST,0,retryable_failed,
raw_stock_his_quar_2851.csv,,false,2026-10-06 23:05:59 CST,0,retryable_failed,
raw_stock_his_quar_6414.csv,,false,2026-10-06 23:05:59 CST,0,retryable_failed,
raw_stock_his_quar_6166.csv,,false,2026-10-06 23:05:59 CST,0,retryable_failed,
raw_stock_his_quar_6579.csv,,false,2026-10-06 23:05:59 CST,0,retryable_failed,
raw_stock_his_quar_8234.csv,,false,2026-10-06 23:05:59 CST,0,retryable_failed,
raw_stock_his_quar_3479.csv,,false,2026-10-06 23:05:59 CST,0,retryable_failed,
raw_stock_his_quar_6245.csv,,false,2026-10-06 23:05:59 CST,0,retryable_failed,
raw_stock_his_quar_8050.csv,,false,2026-10-06 23:05:59 CST,0,retryable_failed,
raw_stock_his_quar_5347.csv,,false,2026-10-06 23:05:59 CST,0,retryable_failed,
raw_stock_his_quar_6770.csv,,false,2026-10-06 23:05:59 CST,0,retryable_failed,
raw_stock_his_quar_0000.csv,,false,2026-10-06 23:05:59 CST,0,no_data,
