stock_code,company_name,交易_月份,收盤價_元,漲跌價_元,漲跌幅_pct,河流圖_eps_元,目前_per_倍,本益比試算價格_9x_元,本益比試算價格_11x_元,本益比試算價格_13x_元,本益比試算價格_15x_元,本益比試算價格_17x_元,本益比試算價格_19x_元,file_type,source_file,download_success,download_timestamp,process_timestamp,stage1_process_timestamp
3260,威剛,21M01,69.5,,,,20.44,,,,,,,ShowMonthlyK_ChartFlow,FinMind_API_TaiwanStockPrice_3260,True,2026-10-01T22:53:45,2026-10-01T22:53:45,2026-10-01T22:53:45
3260,威剛,21M02,86.3,16.799999999999997,24.17%,,25.38,,,,,,,ShowMonthlyK_ChartFlow,FinMind_API_TaiwanStockPrice_3260,True,2026-10-01T22:53:45,2026-10-01T22:53:45,2026-10-01T22:53:45
3260,威剛,21M03,85.8,-0.5,-0.58%,,14.07,,,,,,,ShowMonthlyK_ChartFlow,FinMind_API_TaiwanStockPrice_3260,True,2026-10-01T22:53:45,2026-10-01T22:53:45,2026-10-01T22:53:45
3260,威剛,21M04,121.0,35.2,41.03%,,19.84,,,,,,,ShowMonthlyK_ChartFlow,FinMind_API_TaiwanStockPrice_3260,True,2026-10-01T22:53:45,2026-10-01T22:53:45,2026-10-01T22:53:45
3260,威剛,21M05,102.5,-18.5,-15.29%,,16.35,,,,,,,ShowMonthlyK_ChartFlow,FinMind_API_TaiwanStockPrice_3260,True,2026-10-01T22:53:45,2026-10-01T22:53:45,2026-10-01T22:53:45
3260,威剛,21M06,111.5,9.0,8.78%,,17.78,,,,,,,ShowMonthlyK_ChartFlow,FinMind_API_TaiwanStockPrice_3260,True,2026-10-01T22:53:45,2026-10-01T22:53:45,2026-10-01T22:53:45
3260,威剛,21M07,109.0,-2.5,-2.24%,,17.38,,,,,,,ShowMonthlyK_ChartFlow,FinMind_API_TaiwanStockPrice_3260,True,2026-10-01T22:53:45,2026-10-01T22:53:45,2026-10-01T22:53:45
3260,威剛,21M08,87.8,-21.200000000000003,-19.45%,,8.15,,,,,,,ShowMonthlyK_ChartFlow,FinMind_API_TaiwanStockPrice_3260,True,2026-10-01T22:53:45,2026-10-01T22:53:45,2026-10-01T22:53:45
3260,威剛,21M09,81.4,-6.3999999999999915,-7.29%,,7.56,,,,,,,ShowMonthlyK_ChartFlow,FinMind_API_TaiwanStockPrice_3260,True,2026-10-01T22:53:45,2026-10-01T22:53:45,2026-10-01T22:53:45
3260,威剛,21M10,83.0,1.5999999999999943,1.97%,,7.71,,,,,,,ShowMonthlyK_ChartFlow,FinMind_API_TaiwanStockPrice_3260,True,2026-10-01T22:53:45,2026-10-01T22:53:45,2026-10-01T22:53:45
3260,威剛,21M11,86.1,3.0999999999999943,3.73%,,8.97,,,,,,,ShowMonthlyK_ChartFlow,FinMind_API_TaiwanStockPrice_3260,True,2026-10-01T22:53:45,2026-10-01T22:53:45,2026-10-01T22:53:45
3260,威剛,21M12,92.3,6.200000000000003,7.20%,,9.61,,,,,,,ShowMonthlyK_ChartFlow,FinMind_API_TaiwanStockPrice_3260,True,2026-10-01T22:53:45,2026-10-01T22:53:45,2026-10-01T22:53:45
3260,威剛,22M01,83.6,-8.700000000000003,-9.43%,,8.71,,,,,,,ShowMonthlyK_ChartFlow,FinMind_API_TaiwanStockPrice_3260,True,2026-10-01T22:53:45,2026-10-01T22:53:45,2026-10-01T22:53:45
3260,威剛,22M02,92.9,9.300000000000011,11.12%,,9.68,,,,,,,ShowMonthlyK_ChartFlow,FinMind_API_TaiwanStockPrice_3260,True,2026-10-01T22:53:45,2026-10-01T22:53:45,2026-10-01T22:53:45
3260,威剛,22M03,84.5,-8.400000000000006,-9.04%,,9.25,,,,,,,ShowMonthlyK_ChartFlow,FinMind_API_TaiwanStockPrice_3260,True,2026-10-01T22:53:45,2026-10-01T22:53:45,2026-10-01T22:53:45
3260,威剛,22M04,70.6,-13.900000000000006,-16.45%,,7.72,,,,,,,ShowMonthlyK_ChartFlow,FinMind_API_TaiwanStockPrice_3260,True,2026-10-01T22:53:45,2026-10-01T22:53:45,2026-10-01T22:53:45
3260,威剛,22M05,75.9,5.300000000000011,7.51%,,9.95,,,,,,,ShowMonthlyK_ChartFlow,FinMind_API_TaiwanStockPrice_3260,True,2026-10-01T22:53:45,2026-10-01T22:53:45,2026-10-01T22:53:45
3260,威剛,22M06,60.1,-15.800000000000004,-20.82%,,7.88,,,,,,,ShowMonthlyK_ChartFlow,FinMind_API_TaiwanStockPrice_3260,True,2026-10-01T22:53:45,2026-10-01T22:53:45,2026-10-01T22:53:45
3260,威剛,22M07,58.4,-1.7000000000000028,-2.83%,,7.65,,,,,,,ShowMonthlyK_ChartFlow,FinMind_API_TaiwanStockPrice_3260,True,2026-10-01T22:53:45,2026-10-01T22:53:45,2026-10-01T22:53:45
3260,威剛,22M08,61.1,2.700000000000003,4.62%,,27.28,,,,,,,ShowMonthlyK_ChartFlow,FinMind_API_TaiwanStockPrice_3260,True,2026-10-01T22:53:45,2026-10-01T22:53:45,2026-10-01T22:53:45
3260,威剛,22M09,51.9,-9.200000000000003,-15.06%,,23.17,,,,,,,ShowMonthlyK_ChartFlow,FinMind_API_TaiwanStockPrice_3260,True,2026-10-01T22:53:45,2026-10-01T22:53:45,2026-10-01T22:53:45
3260,威剛,22M10,53.9,2.0,3.85%,,24.06,,,,,,,ShowMonthlyK_ChartFlow,FinMind_API_TaiwanStockPrice_3260,True,2026-10-01T22:53:45,2026-10-01T22:53:45,2026-10-01T22:53:45
3260,威剛,22M11,61.7,7.800000000000004,14.47%,,23.46,,,,,,,ShowMonthlyK_ChartFlow,FinMind_API_TaiwanStockPrice_3260,True,2026-10-01T22:53:45,2026-10-01T22:53:45,2026-10-01T22:53:45
3260,威剛,22M12,57.0,-4.700000000000003,-7.62%,,21.67,,,,,,,ShowMonthlyK_ChartFlow,FinMind_API_TaiwanStockPrice_3260,True,2026-10-01T22:53:45,2026-10-01T22:53:45,2026-10-01T22:53:45
3260,威剛,23M01,65.5,8.5,14.91%,,24.9,,,,,,,ShowMonthlyK_ChartFlow,FinMind_API_TaiwanStockPrice_3260,True,2026-10-01T22:53:45,2026-10-01T22:53:45,2026-10-01T22:53:45
3260,威剛,23M02,66.3,0.7999999999999972,1.22%,,25.21,,,,,,,ShowMonthlyK_ChartFlow,FinMind_API_TaiwanStockPrice_3260,True,2026-10-01T22:53:45,2026-10-01T22:53:45,2026-10-01T22:53:45
3260,威剛,23M03,79.5,13.200000000000003,19.91%,,24.92,,,,,,,ShowMonthlyK_ChartFlow,FinMind_API_TaiwanStockPrice_3260,True,2026-10-01T22:53:45,2026-10-01T22:53:45,2026-10-01T22:53:45
3260,威剛,23M04,75.0,-4.5,-5.66%,,23.51,,,,,,,ShowMonthlyK_ChartFlow,FinMind_API_TaiwanStockPrice_3260,True,2026-10-01T22:53:45,2026-10-01T22:53:45,2026-10-01T22:53:45
3260,威剛,23M05,89.3,14.299999999999997,19.07%,,62.45,,,,,,,ShowMonthlyK_ChartFlow,FinMind_API_TaiwanStockPrice_3260,True,2026-10-01T22:53:45,2026-10-01T22:53:45,2026-10-01T22:53:45
3260,威剛,23M06,89.0,-0.29999999999999716,-0.34%,,62.24,,,,,,,ShowMonthlyK_ChartFlow,FinMind_API_TaiwanStockPrice_3260,True,2026-10-01T22:53:45,2026-10-01T22:53:45,2026-10-01T22:53:45
3260,威剛,23M07,81.9,-7.099999999999994,-7.98%,,57.27,,,,,,,ShowMonthlyK_ChartFlow,FinMind_API_TaiwanStockPrice_3260,True,2026-10-01T22:53:45,2026-10-01T22:53:45,2026-10-01T22:53:45
3260,威剛,23M08,86.8,4.8999999999999915,5.98%,,37.9,,,,,,,ShowMonthlyK_ChartFlow,FinMind_API_TaiwanStockPrice_3260,True,2026-10-01T22:53:45,2026-10-01T22:53:45,2026-10-01T22:53:45
3260,威剛,23M09,84.5,-2.299999999999997,-2.65%,,36.9,,,,,,,ShowMonthlyK_ChartFlow,FinMind_API_TaiwanStockPrice_3260,True,2026-10-01T22:53:45,2026-10-01T22:53:45,2026-10-01T22:53:45
3260,威剛,23M10,97.4,12.900000000000006,15.27%,,42.53,,,,,,,ShowMonthlyK_ChartFlow,FinMind_API_TaiwanStockPrice_3260,True,2026-10-01T22:53:45,2026-10-01T22:53:45,2026-10-01T22:53:45
3260,威剛,23M11,100.0,2.5999999999999943,2.67%,,33.22,,,,,,,ShowMonthlyK_ChartFlow,FinMind_API_TaiwanStockPrice_3260,True,2026-10-01T22:53:45,2026-10-01T22:53:45,2026-10-01T22:53:45
3260,威剛,23M12,103.0,3.0,3.00%,,34.22,,,,,,,ShowMonthlyK_ChartFlow,FinMind_API_TaiwanStockPrice_3260,True,2026-10-01T22:53:45,2026-10-01T22:53:45,2026-10-01T22:53:45
3260,威剛,24M01,95.9,-7.099999999999994,-6.89%,,31.86,,,,,,,ShowMonthlyK_ChartFlow,FinMind_API_TaiwanStockPrice_3260,True,2026-10-01T22:53:45,2026-10-01T22:53:45,2026-10-01T22:53:45
3260,威剛,24M02,100.0,4.099999999999994,4.28%,,33.22,,,,,,,ShowMonthlyK_ChartFlow,FinMind_API_TaiwanStockPrice_3260,True,2026-10-01T22:53:45,2026-10-01T22:53:45,2026-10-01T22:53:45
3260,威剛,24M03,98.7,-1.2999999999999972,-1.30%,,18.94,,,,,,,ShowMonthlyK_ChartFlow,FinMind_API_TaiwanStockPrice_3260,True,2026-10-01T22:53:45,2026-10-01T22:53:45,2026-10-01T22:53:45
3260,威剛,24M04,100.0,1.2999999999999972,1.32%,,19.19,,,,,,,ShowMonthlyK_ChartFlow,FinMind_API_TaiwanStockPrice_3260,True,2026-10-01T22:53:45,2026-10-01T22:53:45,2026-10-01T22:53:45
3260,威剛,24M05,114.0,14.0,14.00%,,13.8,,,,,,,ShowMonthlyK_ChartFlow,FinMind_API_TaiwanStockPrice_3260,True,2026-10-01T22:53:45,2026-10-01T22:53:45,2026-10-01T22:53:45
3260,威剛,24M06,108.0,-6.0,-5.26%,,13.08,,,,,,,ShowMonthlyK_ChartFlow,FinMind_API_TaiwanStockPrice_3260,True,2026-10-01T22:53:45,2026-10-01T22:53:45,2026-10-01T22:53:45
3260,威剛,24M07,93.3,-14.700000000000003,-13.61%,,11.3,,,,,,,ShowMonthlyK_ChartFlow,FinMind_API_TaiwanStockPrice_3260,True,2026-10-01T22:53:45,2026-10-01T22:53:45,2026-10-01T22:53:45
3260,威剛,24M08,94.6,1.2999999999999972,1.39%,,9.55,,,,,,,ShowMonthlyK_ChartFlow,FinMind_API_TaiwanStockPrice_3260,True,2026-10-01T22:53:45,2026-10-01T22:53:45,2026-10-01T22:53:45
3260,威剛,24M09,88.7,-5.8999999999999915,-6.24%,,8.95,,,,,,,ShowMonthlyK_ChartFlow,FinMind_API_TaiwanStockPrice_3260,True,2026-10-01T22:53:45,2026-10-01T22:53:45,2026-10-01T22:53:45
3260,威剛,24M10,85.7,-3.0,-3.38%,,8.65,,,,,,,ShowMonthlyK_ChartFlow,FinMind_API_TaiwanStockPrice_3260,True,2026-10-01T22:53:45,2026-10-01T22:53:45,2026-10-01T22:53:45
3260,威剛,24M11,87.2,1.5,1.75%,,8.3,,,,,,,ShowMonthlyK_ChartFlow,FinMind_API_TaiwanStockPrice_3260,True,2026-10-01T22:53:45,2026-10-01T22:53:45,2026-10-01T22:53:45
3260,威剛,24M12,78.4,-8.799999999999997,-10.09%,,7.46,,,,,,,ShowMonthlyK_ChartFlow,FinMind_API_TaiwanStockPrice_3260,True,2026-10-01T22:53:45,2026-10-01T22:53:45,2026-10-01T22:53:45
3260,威剛,25M01,77.0,-1.4000000000000057,-1.79%,,7.33,,,,,,,ShowMonthlyK_ChartFlow,FinMind_API_TaiwanStockPrice_3260,True,2026-10-01T22:53:45,2026-10-01T22:53:45,2026-10-01T22:53:45
3260,威剛,25M02,85.7,8.700000000000003,11.30%,,8.15,,,,,,,ShowMonthlyK_ChartFlow,FinMind_API_TaiwanStockPrice_3260,True,2026-10-01T22:53:45,2026-10-01T22:53:45,2026-10-01T22:53:45
3260,威剛,25M03,85.1,-0.6000000000000085,-0.70%,,9.2,,,,,,,ShowMonthlyK_ChartFlow,FinMind_API_TaiwanStockPrice_3260,True,2026-10-01T22:53:45,2026-10-01T22:53:45,2026-10-01T22:53:45
3260,威剛,25M04,83.7,-1.3999999999999915,-1.65%,,9.05,,,,,,,ShowMonthlyK_ChartFlow,FinMind_API_TaiwanStockPrice_3260,True,2026-10-01T22:53:45,2026-10-01T22:53:45,2026-10-01T22:53:45
3260,威剛,25M05,92.8,9.099999999999994,10.87%,,13.91,,,,,,,ShowMonthlyK_ChartFlow,FinMind_API_TaiwanStockPrice_3260,True,2026-10-01T22:53:45,2026-10-01T22:53:45,2026-10-01T22:53:45
3260,威剛,25M06,93.6,0.7999999999999972,0.86%,,14.03,,,,,,,ShowMonthlyK_ChartFlow,FinMind_API_TaiwanStockPrice_3260,True,2026-10-01T22:53:45,2026-10-01T22:53:45,2026-10-01T22:53:45
3260,威剛,25M07,91.3,-2.299999999999997,-2.46%,,13.69,,,,,,,ShowMonthlyK_ChartFlow,FinMind_API_TaiwanStockPrice_3260,True,2026-10-01T22:53:45,2026-10-01T22:53:45,2026-10-01T22:53:45
3260,威剛,25M08,102.5,11.200000000000003,12.27%,,14.54,,,,,,,ShowMonthlyK_ChartFlow,FinMind_API_TaiwanStockPrice_3260,True,2026-10-01T22:53:45,2026-10-01T22:53:45,2026-10-01T22:53:45
3260,威剛,25M09,157.0,54.5,53.17%,,22.27,,,,,,,ShowMonthlyK_ChartFlow,FinMind_API_TaiwanStockPrice_3260,True,2026-10-01T22:53:45,2026-10-01T22:53:45,2026-10-01T22:53:45
3260,威剛,25M10,198.0,41.0,26.11%,,28.09,,,,,,,ShowMonthlyK_ChartFlow,FinMind_API_TaiwanStockPrice_3260,True,2026-10-01T22:53:45,2026-10-01T22:53:45,2026-10-01T22:53:45
3260,威剛,25M11,177.5,-20.5,-10.35%,,16.67,,,,,,,ShowMonthlyK_ChartFlow,FinMind_API_TaiwanStockPrice_3260,True,2026-10-01T22:53:45,2026-10-01T22:53:45,2026-10-01T22:53:45
3260,威剛,25M12,279.5,102.0,57.46%,,26.24,,,,,,,ShowMonthlyK_ChartFlow,FinMind_API_TaiwanStockPrice_3260,True,2026-10-01T22:53:45,2026-10-01T22:53:45,2026-10-01T22:53:45
3260,威剛,26M01,363.5,84.0,30.05%,,34.13,,,,,,,ShowMonthlyK_ChartFlow,FinMind_API_TaiwanStockPrice_3260,True,2026-10-01T22:53:45,2026-10-01T22:53:45,2026-10-01T22:53:45
3260,威剛,26M02,285.5,-78.0,-21.46%,,26.81,,,,,,,ShowMonthlyK_ChartFlow,FinMind_API_TaiwanStockPrice_3260,True,2026-10-01T22:53:45,2026-10-01T22:53:45,2026-10-01T22:53:45
3260,威剛,26M03,335.0,49.5,17.34%,,14.45,,,,,,,ShowMonthlyK_ChartFlow,FinMind_API_TaiwanStockPrice_3260,True,2026-10-01T22:53:45,2026-10-01T22:53:45,2026-10-01T22:53:45
3260,威剛,26M04,436.0,101.0,30.15%,,18.81,,,,,,,ShowMonthlyK_ChartFlow,FinMind_API_TaiwanStockPrice_3260,True,2026-10-01T22:53:45,2026-10-01T22:53:45,2026-10-01T22:53:45
3260,威剛,26M05,415.0,-21.0,-4.82%,,8.29,,,,,,,ShowMonthlyK_ChartFlow,FinMind_API_TaiwanStockPrice_3260,True,2026-10-01T22:53:45,2026-10-01T22:53:45,2026-10-01T22:53:45
3260,威剛,26M06,409.0,-6.0,-1.45%,,8.17,,,,,,,ShowMonthlyK_ChartFlow,FinMind_API_TaiwanStockPrice_3260,True,2026-10-01T22:53:45,2026-10-01T22:53:45,2026-10-01T22:53:45
3260,威剛,26M07,398.5,-10.5,-2.57%,,7.96,,,,,,,ShowMonthlyK_ChartFlow,FinMind_API_TaiwanStockPrice_3260,True,2026-10-01T22:53:45,2026-10-01T22:53:45,2026-10-01T22:53:45
3260,威剛,26M08,413.5,15.0,3.76%,,5.35,,,,,,,ShowMonthlyK_ChartFlow,FinMind_API_TaiwanStockPrice_3260,True,2026-10-01T22:53:45,2026-10-01T22:53:45,2026-10-01T22:53:45
3260,威剛,26M09,377.5,-36.0,-8.71%,,4.88,,,,,,,ShowMonthlyK_ChartFlow,FinMind_API_TaiwanStockPrice_3260,True,2026-10-01T22:53:45,2026-10-01T22:53:45,2026-10-01T22:53:45
3260,威剛,26M10,380.0,2.5,0.66%,,4.91,,,,,,,ShowMonthlyK_ChartFlow,FinMind_API_TaiwanStockPrice_3260,True,2026-10-01T22:53:45,2026-10-01T22:53:45,2026-10-01T22:53:45
