stock_code,company_name,年度,股本_億,財報_評分,年度股價_元_收盤,年度股價_元_平均,年度股價_元_漲跌,年度股價_元_漲跌_pct,獲利金額_億_營業_收入,獲利金額_億_營業_毛利,獲利金額_億_營業_利益,獲利金額_億_業外_損益,獲利金額_億_稅後_淨利,獲利率_pct_營業_毛利,獲利率_pct_營業_利益,獲利率_pct_業外_損益,獲利率_pct_稅後_淨利,roe_pct,roa_pct,eps_元_稅後_eps,eps_元_年增_元,bps_元,目前股價_103.85 元,目前股價_103.85 元_目前股價_103.85 元.1,目前股價_103.85 元_目前股價_103.85 元.2,成交價_元_平均,成交價_元_平均.1,成交價_元_最低,成交價_元_最低.1,成交價_元_最高,成交價_元_最高.1,平均漲跌_漲跌_元,平均漲跌_漲跌_元.1,平均漲跌_漲跌_元.2,平均漲跌_漲跌_pct,平均漲跌_漲跌_pct.1,平均漲跌_漲跌_pct.2,成交量_張_最低量,成交量_張_最低量.1,成交量_張_最低量.2,成交量_張_最高量,成交量_張_最高量.1,成交量_張_最高量.2,營業收入_平均_億元,營業收入_平均_億元.1,營業收入_平均_億元.2,營業收入_均成長_pct,營業收入_均成長_pct.1,營業收入_均成長_pct.2,稅後淨利_平均_億元,稅後淨利_平均_億元.1,稅後淨利_平均_億元.2,稅後淨利_均成長_pct,稅後淨利_均成長_pct.1,稅後淨利_均成長_pct.2,平均獲利率_毛利率,平均獲利率_毛利率.1,平均獲利率_毛利率.2,平均獲利率_淨利率,平均獲利率_淨利率.1,平均獲利率_淨利率.2,目前股價_60.6 元,目前股價_60.6 元_目前股價_60.6 元.1,目前股價_60.6 元_目前股價_60.6 元.2,file_type,source_file,download_success,download_timestamp,process_timestamp,stage1_process_timestamp
2379,瑞昱,2018,50.81,,143.0,123.93522267206478,,,458.06,204.61,37.71,8.86,43.51,44.67,8.23,1.94,9.5,17.66,7.47,8.57,,48.49,,,,,,,,,,,,,,,,,,,,,,,,,,,,,,,,,,,,,,,,,,,StockBzPerformance,FinMind_API_TaiwanStockFinancialStatements_2379,True,2026-09-22T10:59:06,2026-09-22T10:59:06,2026-09-22T10:59:06
2379,瑞昱,2019,50.81,,235.0,207.4318181818182,92.0,64.34,607.44,265.83,63.31,9.05,67.9,43.76,10.42,1.49,11.18,24.95,9.25,13.35,4.78,53.57,,,,,,,,,,,,,,,,,,,,,,,,,,,,,,,,,,,,,,,,,,,StockBzPerformance,FinMind_API_TaiwanStockFinancialStatements_2379,True,2026-09-22T10:59:06,2026-09-22T10:59:06,2026-09-22T10:59:06
2379,瑞昱,2020,51.07,,390.5,312.6224489795918,155.5,66.17,777.59,332.49,86.4,7.17,87.94,42.76,11.11,0.92,11.31,29.85,11.26,17.23,3.88,57.69,,,,,,,,,,,,,,,,,,,,,,,,,,,,,,,,,,,,,,,,,,,StockBzPerformance,FinMind_API_TaiwanStockFinancialStatements_2379,True,2026-09-22T10:59:06,2026-09-22T10:59:06,2026-09-22T10:59:06
2379,瑞昱,2021,51.07,,580.0,508.2295081967213,189.5,48.53,1055.04,531.88,173.25,2.5,168.53,50.41,16.42,0.24,15.97,43.28,16.65,33.0,15.77,76.26,,,,,,,,,,,,,,,,,,,,,,,,,,,,,,,,,,,,,,,,,,,StockBzPerformance,FinMind_API_TaiwanStockFinancialStatements_2379,True,2026-09-22T10:59:06,2026-09-22T10:59:06,2026-09-22T10:59:06
2379,瑞昱,2022,51.29,,281.0,377.3739837398374,-299.0,-51.55,1117.9,546.35,157.24,11.98,162.04,48.87,14.07,1.07,14.5,34.66,14.25,31.62,-1.38,91.16,,,,,,,,,,,,,,,,,,,,,,,,,,,,,,,,,,,,,,,,,,,StockBzPerformance,FinMind_API_TaiwanStockFinancialStatements_2379,True,2026-09-22T10:59:06,2026-09-22T10:59:06,2026-09-22T10:59:06
2379,瑞昱,2023,51.29,,471.5,397.4937238493724,190.5,67.79,951.79,407.48,66.55,28.9,91.53,42.81,6.99,3.04,9.62,21.67,9.76,17.85,-13.77,82.34,,,,,,,,,,,,,,,,,,,,,,,,,,,,,,,,,,,,,,,,,,,StockBzPerformance,FinMind_API_TaiwanStockFinancialStatements_2379,True,2026-09-22T10:59:06,2026-09-22T10:59:06,2026-09-22T10:59:06
2379,瑞昱,2024,51.29,,568.0,518.9111570247934,96.5,20.47,1133.94,571.62,135.02,28.4,152.92,50.41,11.91,2.5,13.49,28.88,13.43,29.81,11.96,103.24,,,,,,,,,,,,,,,,,,,,,,,,,,,,,,,,,,,,,,,,,,,StockBzPerformance,FinMind_API_TaiwanStockFinancialStatements_2379,True,2026-09-22T10:59:06,2026-09-22T10:59:06,2026-09-22T10:59:06
2379,瑞昱,2025,51.55,,489.0,534.7181069958848,-79.0,-13.91,1227.06,613.74,143.6,29.01,147.53,50.02,11.7,2.36,12.02,28.26,11.36,28.77,-1.04,101.26,,,,,,,,,,,,,,,,,,,,,,,,,,,,,,,,,,,,,,,,,,,StockBzPerformance,FinMind_API_TaiwanStockFinancialStatements_2379,True,2026-10-08T15:25:45,2026-10-08T15:25:45,2026-10-08T15:25:45
2379,瑞昱,2026,51.55,,749.0,621.0567567567567,260.0,53.17,739.76,357.38,80.57,12.91,81.35,48.31,10.89,1.74,11.0,16.13,5.52,15.86,-12.91,97.83,,,,,,,,,,,,,,,,,,,,,,,,,,,,,,,,,,,,,,,,,,,StockBzPerformance,FinMind_API_TaiwanStockFinancialStatements_2379,True,2026-10-08T15:25:45,2026-10-08T15:25:45,2026-10-08T15:25:45
